{"result":[{"request":{"id":"2130696887","token":"5135456621:AAFLlThgyklkKZTznbXo3E_rKawZBs_r3-E","text":"segunda requestttt"}},{"request":{"id":"2130696887","token":"5135456621:AAFLlThgyklkKZTznbXo3E_rKawZBs_r3-E","text":"segunda requestttt"}},{"request":{"id":"2130696887","token":"5135456621:AAFLlThgyklkKZTznbXo3E_rKawZBs_r3-E","text":"segunda requestttt"}},{"request":{"id":"2130696887","token":"5135456621:AAFLlThgyklkKZTznbXo3E_rKawZBs_r3-E","text":"segunda requestttt"}},{"request":{"id":"2130696887","token":"5135456621:AAFLlThgyklkKZTznbXo3E_rKawZBs_r3-E","text":"segunda requestttt"}},{"request":{"id":"2130696887","token":"5135456621:AAFLlThgyklkKZTznbXo3E_rKawZBs_r3-E","text":"segunda requestttt"}},{"request":{"id":"2130696887","token":"5135456621:AAFLlThgyklkKZTznbXo3E_rKawZBs_r3-E","text":"segunda requestttt"}},{"request":{"id":"2130696887","token":"5135456621:AAFLlThgyklkKZTznbXo3E_rKawZBs_r3-E","text":"segunda requestttt"}},{"request":{"id":"2130696887","token":"5135456621:AAFLlThgyklkKZTznbXo3E_rKawZBs_r3-E","text":"segunda requestttt"}}]}